uniqueid,forecasting,tool_tip,node_name,Category,delta,08-2010,Monthly,,,,,,,,,,,,,,,,,,
IS_AN_INNOVATIVE_COMPANY_SUBARU_Corporate_Image,,IS_AN_INNOVATIVE_COMPANY_,IS_AN_INNOVATIVE_COMPANY_,Client Data:Roy Morgan:Corporate_Image,0.5,0.19,0.197,0.153,0.147,0.148,0.167,0.161,0.159,0.158,0.144,0.133,0.149,0.162,0.137,0.114,0.111,0.1,0.105,0.089,0.101
PRODUCE_WORLD_CLASS_VEHICLES_SUBARU_Corporate_Image,,PRODUCE_WORLD_CLASS_VEHICLES_,PRODUCE_WORLD_CLASS_VEHICLES_,Client Data:Roy Morgan:Corporate_Image,0.5,0.256,0.258,0.242,0.263,0.263,0.274,0.247,0.243,0.199,0.187,0.16,0.165,0.162,0.163,0.171,0.196,0.172,0.163,0.16,0.162
SUCCESSFUL_IN_MOTORSPORT_SUBARU_Corporate_Image,,SUCCESSFUL_IN_MOTORSPORT_,SUCCESSFUL_IN_MOTORSPORT_,Client Data:Roy Morgan:Corporate_Image,0.5,0.249,0.233,0.243,0.242,0.218,0.212,0.21,0.229,0.197,0.184,0.162,0.178,0.17,0.159,0.174,0.168,0.151,0.134,0.154,0.156
HAVE_ATTRACTIVE_ADVERTISING_AND_SALES_PROMOTIONS_SUBARU_Corporate_Image,,HAVE_ATTRACTIVE_ADVERTISING_AND_SALES_PROMOTIONS_,HAVE_ATTRACTIVE_ADVERTISING_AND_SALES_PROMOTIONS_,Client Data:Roy Morgan:Corporate_Image,0.5,0.102,0.072,0.078,0.064,0.093,0.091,0.083,0.079,0.079,0.076,0.062,0.069,0.082,0.089,0.078,0.074,0.073,0.073,0.06,0.065
A_COMPANY_THAT_CAN_BE_TRUSTED_SUBARU_Corporate_Image,,A_COMPANY_THAT_CAN_BE_TRUSTED_,A_COMPANY_THAT_CAN_BE_TRUSTED_,Client Data:Roy Morgan:Corporate_Image,0.5,0.173,0.168,0.214,0.215,0.206,0.166,0.186,0.206,0.205,0.201,0.159,0.162,0.143,0.165,0.178,0.178,0.185,0.189,0.211,0.187
BUILD_VEHICLES_IN_AUSTRALIA_SUBARU_Corporate_Image,,BUILD_VEHICLES_IN_AUSTRALIA_,BUILD_VEHICLES_IN_AUSTRALIA_,Client Data:Roy Morgan:Corporate_Image,0.5,0.001,0,0,0.003,0.009,0.009,0.006,0.001,0.001,0,0.004,0.004,0.004,0,0,0.001,0.001,0.001,0,0.001
MANAGE_THEMSELVES_SUCCESSFULLY_SUBARU_Corporate_Image,,MANAGE_THEMSELVES_SUCCESSFULLY_,MANAGE_THEMSELVES_SUCCESSFULLY_,Client Data:Roy Morgan:Corporate_Image,0.5,0.237,0.227,0.171,0.166,0.155,0.169,0.131,0.159,0.167,0.188,0.149,0.129,0.113,0.12,0.106,0.125,0.114,0.145,0.133,0.131
MAKE_ADVERTISING_THAT_SPEAKS_TO_ME_SUBARU_Corporate_Image,,MAKE_ADVERTISING_THAT_SPEAKS_TO_ME_,MAKE_ADVERTISING_THAT_SPEAKS_TO_ME_,Client Data:Roy Morgan:Corporate_Image,0.5,0.061,0.056,0.05,0.043,0.044,0.049,0.052,0.062,0.069,0.073,0.055,0.052,0.029,0.03,0.032,0.056,0.053,0.061,0.034,0.035
MAKING_AN_EFFORT_TO_BE_ENVIRONMENTALLY_FRIENDLY_SUBARU_Corporate_Image,,MAKING_AN_EFFORT_TO_BE_ENVIRONMENTALLY_FRIENDLY_,MAKING_AN_EFFORT_TO_BE_ENVIRONMENTALLY_FRIENDLY_,Client Data:Roy Morgan:Corporate_Image,0.5,0.039,0.039,0.045,0.042,0.052,0.031,0.048,0.063,0.066,0.063,0.044,0.047,0.035,0.041,0.043,0.063,0.054,0.067,0.058,0.058
CONCERNED_ABOUT_THE_WELL-BEING_OF_AUSTRALIA_SUBARU_Corporate_Image,,CONCERNED_ABOUT_THE_WELL-BEING_OF_AUSTRALIA_,CONCERNED_ABOUT_THE_WELL-BEING_OF_AUSTRALIA_,Client Data:Roy Morgan:Corporate_Image,0.5,0.01,0.006,0.001,0.003,0.005,0.005,0.011,0.008,0.018,0.011,0.014,0.009,0.012,0.008,0.004,0.003,0.024,0.033,0.032,0.014
MAKE_RELIABLE_DEPENDABLE_VEHICLES_SUBARU_Vehicle_Image,,MAKE_RELIABLE_DEPENDABLE_VEHICLES_,MAKE_RELIABLE_DEPENDABLE_VEHICLES_,Client Data:Roy Morgan:Vehicle_Image,0.5,0.383,0.354,0.379,0.391,0.379,0.305,0.27,0.296,0.283,0.289,0.236,0.275,0.29,0.323,0.315,0.316,0.282,0.268,0.24,0.244
MAKE_VEHICLES_WITH_GOOD_SAFETY_FEATURES_SUBARU_Vehicle_Image,,MAKE_VEHICLES_WITH_GOOD_SAFETY_FEATURES_,MAKE_VEHICLES_WITH_GOOD_SAFETY_FEATURES_,Client Data:Roy Morgan:Vehicle_Image,0.5,0.307,0.317,0.326,0.326,0.319,0.255,0.227,0.247,0.233,0.232,0.205,0.256,0.272,0.266,0.248,0.28,0.236,0.224,0.177,0.219
MAKE_VEHICLES_WITH_GOOD_FUEL_ECONOMY_SUBARU_Vehicle_Image,,MAKE_VEHICLES_WITH_GOOD_FUEL_ECONOMY_,MAKE_VEHICLES_WITH_GOOD_FUEL_ECONOMY_,Client Data:Roy Morgan:Vehicle_Image,0.5,0.147,0.126,0.098,0.103,0.11,0.079,0.071,0.1,0.105,0.095,0.072,0.102,0.105,0.092,0.078,0.093,0.081,0.089,0.096,0.128
MAKE_VEHICLES_WITH_A_HIGH_LEVEL_OF_TECHNOLOGY_SUBARU_Vehicle_Image,,MAKE_VEHICLES_WITH_A_HIGH_LEVEL_OF_TECHNOLOGY_,MAKE_VEHICLES_WITH_A_HIGH_LEVEL_OF_TECHNOLOGY_,Client Data:Roy Morgan:Vehicle_Image,0.5,0.164,0.215,0.212,0.217,0.196,0.218,0.172,0.175,0.139,0.144,0.102,0.132,0.141,0.169,0.142,0.176,0.128,0.134,0.101,0.128
MAKE_VEHICLES_WHICH_ARE_GOOD_VALUE_FOR_MONEY_SUBARU_Vehicle_Image,,MAKE_VEHICLES_WHICH_ARE_GOOD_VALUE_FOR_MONEY_,MAKE_VEHICLES_WHICH_ARE_GOOD_VALUE_FOR_MONEY_,Client Data:Roy Morgan:Vehicle_Image,0.5,0.159,0.124,0.116,0.12,0.115,0.113,0.108,0.104,0.11,0.106,0.107,0.092,0.075,0.084,0.099,0.149,0.133,0.132,0.105,0.12
BUILD_VEHICLES_FOR_AUSTRALIAN_ROADS_AND_CONDITIONS_SUBARU_Vehicle_Image,,BUILD_VEHICLES_FOR_AUSTRALIAN_ROADS_AND_CONDITIONS_,BUILD_VEHICLES_FOR_AUSTRALIAN_ROADS_AND_CONDITIONS_,Client Data:Roy Morgan:Vehicle_Image,0.5,0.149,0.17,0.155,0.173,0.14,0.138,0.124,0.158,0.151,0.151,0.12,0.139,0.149,0.167,0.163,0.173,0.178,0.173,0.176,0.16
MAKE_VEHICLES_WITH_GOOD_RESALE_VALUE_SUBARU_Vehicle_Image,,MAKE_VEHICLES_WITH_GOOD_RESALE_VALUE_,MAKE_VEHICLES_WITH_GOOD_RESALE_VALUE_,Client Data:Roy Morgan:Vehicle_Image,0.5,0.228,0.272,0.265,0.265,0.212,0.189,0.149,0.182,0.195,0.211,0.167,0.174,0.155,0.147,0.106,0.145,0.131,0.145,0.101,0.116
MAKE_VEHICLES_THAT_ARE_FUN_TO_DRIVE_SUBARU_Vehicle_Image,,MAKE_VEHICLES_THAT_ARE_FUN_TO_DRIVE_,MAKE_VEHICLES_THAT_ARE_FUN_TO_DRIVE_,Client Data:Roy Morgan:Vehicle_Image,0.5,0.256,0.275,0.266,0.254,0.183,0.198,0.182,0.235,0.229,0.229,0.181,0.198,0.183,0.183,0.169,0.199,0.175,0.195,0.198,0.214
MAKE_VEHICLES_FOR_ON_AND_OFF_ROAD_DRIVING_SUBARU_Vehicle_Image,,MAKE_VEHICLES_FOR_ON_AND_OFF_ROAD_DRIVING_,MAKE_VEHICLES_FOR_ON_AND_OFF_ROAD_DRIVING_,Client Data:Roy Morgan:Vehicle_Image,0.5,0.312,0.326,0.318,0.352,0.343,0.325,0.306,0.348,0.333,0.337,0.263,0.289,0.267,0.287,0.291,0.315,0.298,0.308,0.272,0.28
MAKE_VEHICLES_WITH_GOOD_ENGINE_PERFORMANCE_SUBARU_Vehicle_Image,,MAKE_VEHICLES_WITH_GOOD_ENGINE_PERFORMANCE_,MAKE_VEHICLES_WITH_GOOD_ENGINE_PERFORMANCE_,Client Data:Roy Morgan:Vehicle_Image,0.5,0.225,0.247,0.298,0.332,0.302,0.241,0.197,0.212,0.213,0.201,0.155,0.146,0.178,0.24,0.244,0.242,0.187,0.204,0.183,0.197
MAKE_VEHICLES_WITH_TOUGH_OFF_ROAD_CAPABILITY_SUBARU_Vehicle_Image,,MAKE_VEHICLES_WITH_TOUGH_OFF_ROAD_CAPABILITY_,MAKE_VEHICLES_WITH_TOUGH_OFF_ROAD_CAPABILITY_,Client Data:Roy Morgan:Vehicle_Image,0.5,0.187,0.182,0.167,0.167,0.143,0.13,0.146,0.19,0.233,0.199,0.143,0.126,0.125,0.128,0.113,0.13,0.116,0.142,0.132,0.157
MAKE_VEHICLES_WITH_GOOD_EXTERIOR_DESIGN_AND_APPEARANCE_SUBARU_Vehicle_Image,,MAKE_VEHICLES_WITH_GOOD_EXTERIOR_DESIGN_AND_APPEARANCE_,MAKE_VEHICLES_WITH_GOOD_EXTERIOR_DESIGN_AND_APPEARANCE_,Client Data:Roy Morgan:Vehicle_Image,0.5,0.261,0.272,0.244,0.243,0.197,0.25,0.211,0.252,0.205,0.203,0.121,0.161,0.163,0.181,0.153,0.161,0.135,0.134,0.157,0.188
MAKE_VEHICLES_WITH_SUPERIOR_ROAD_HANDLING_SUBARU_Vehicle_Image,,MAKE_VEHICLES_WITH_SUPERIOR_ROAD_HANDLING_,MAKE_VEHICLES_WITH_SUPERIOR_ROAD_HANDLING_,Client Data:Roy Morgan:Vehicle_Image,0.5,0.251,0.278,0.261,0.253,0.22,0.226,0.234,0.252,0.237,0.198,0.167,0.162,0.202,0.204,0.195,0.2,0.178,0.192,0.175,0.193
MAKE_VEHICLES_THAT_ARE_WORTH_PAYING_A_BIT_MORE_FOR_SUBARU_Vehicle_Image,,MAKE_VEHICLES_THAT_ARE_WORTH_PAYING_A_BIT_MORE_FOR_,MAKE_VEHICLES_THAT_ARE_WORTH_PAYING_A_BIT_MORE_FOR_,Client Data:Roy Morgan:Vehicle_Image,0.5,0.163,0.225,0.211,0.196,0.139,0.16,0.154,0.158,0.131,0.112,0.078,0.093,0.111,0.133,0.125,0.125,0.1,0.11,0.078,0.092
MAKE_GOOD_QUALITY_VEHICLES_SUBARU_Vehicle_Image,,MAKE_GOOD_QUALITY_VEHICLES_,MAKE_GOOD_QUALITY_VEHICLES_,Client Data:Roy Morgan:Vehicle_Image,0.5,0.376,0.35,0.363,0.378,0.362,0.368,0.331,0.346,0.273,0.259,0.218,0.277,0.289,0.294,0.262,0.287,0.279,0.277,0.274,0.265
MAKE_VEHICLES_THAT_YOU_WOULD_BE_PROUD_TO_OWN_SUBARU_Vehicle_Image,,MAKE_VEHICLES_THAT_YOU_WOULD_BE_PROUD_TO_OWN_,MAKE_VEHICLES_THAT_YOU_WOULD_BE_PROUD_TO_OWN_,Client Data:Roy Morgan:Vehicle_Image,0.5,0.332,0.295,0.266,0.271,0.248,0.313,0.316,0.319,0.251,0.202,0.16,0.191,0.212,0.249,0.239,0.234,0.176,0.187,0.191,0.224
HAVE_A_DEALER_CONVENIENT_TO_ME_SUBARU_Manufacturer_Image,,HAVE_A_DEALER_CONVENIENT_TO_ME_,HAVE_A_DEALER_CONVENIENT_TO_ME_,Client Data:Roy Morgan:Manufacturer_Image,0.5,0.245,0.233,0.217,0.258,0.248,0.258,0.217,0.201,0.214,0.23,0.229,0.209,0.185,0.224,0.203,0.227,0.17,0.169,0.159,0.158
MAKE_VEHICLES_FOR_SUCCESSFUL_PEOPLE_SUBARU_Manufacturer_Image,,MAKE_VEHICLES_FOR_SUCCESSFUL_PEOPLE_,MAKE_VEHICLES_FOR_SUCCESSFUL_PEOPLE_,Client Data:Roy Morgan:Manufacturer_Image,0.5,0.153,0.176,0.179,0.206,0.161,0.156,0.114,0.132,0.125,0.148,0.123,0.155,0.155,0.165,0.143,0.16,0.137,0.117,0.076,0.1
PROVIDES_DRIVER_CONFIDENCE_SUBARU_Manufacturer_Image,,PROVIDES_DRIVER_CONFIDENCE_,PROVIDES_DRIVER_CONFIDENCE_,Client Data:Roy Morgan:Manufacturer_Image,0.5,0.2,0.189,0.194,0.239,0.227,0.21,0.163,0.185,0.173,0.157,0.127,0.126,0.14,0.145,0.136,0.148,0.142,0.165,0.138,0.154
IS_AN_INTELLIGENT_CHOICE_SUBARU_Manufacturer_Image,,IS_AN_INTELLIGENT_CHOICE_,IS_AN_INTELLIGENT_CHOICE_,Client Data:Roy Morgan:Manufacturer_Image,0.5,0.167,0.165,0.149,0.164,0.155,0.141,0.141,0.16,0.143,0.137,0.094,0.109,0.125,0.135,0.133,0.135,0.125,0.14,0.113,0.124
IS_A_BRAND_FOR_PEOPLE_LIKE_ME_SUBARU_Manufacturer_Image,,IS_A_BRAND_FOR_PEOPLE_LIKE_ME_,IS_A_BRAND_FOR_PEOPLE_LIKE_ME_,Client Data:Roy Morgan:Manufacturer_Image,0.5,0.153,0.144,0.177,0.174,0.187,0.157,0.148,0.168,0.139,0.125,0.088,0.122,0.129,0.13,0.113,0.162,0.134,0.121,0.055,0.08
MAKE_VEHICLES_FOR_ACTIVE_LIFESTYLES_SUBARU_Manufacturer_Image,,MAKE_VEHICLES_FOR_ACTIVE_LIFESTYLES_,MAKE_VEHICLES_FOR_ACTIVE_LIFESTYLES_,Client Data:Roy Morgan:Manufacturer_Image,0.5,0.191,0.146,0.127,0.142,0.211,0.203,0.18,0.195,0.194,0.201,0.162,0.191,0.18,0.199,0.185,0.202,0.18,0.196,0.185,0.179
HAS_GOOD_AFTER-SALES_SERVICE_SUBARU_Manufacturer_Image,,HAS_GOOD_AFTER-SALES_SERVICE_,HAS_GOOD_AFTER-SALES_SERVICE_,Client Data:Roy Morgan:Manufacturer_Image,0.5,0.173,0.149,0.15,0.12,0.102,0.076,0.052,0.087,0.098,0.113,0.084,0.097,0.106,0.11,0.088,0.074,0.055,0.087,0.078,0.095
A_BRAND_I_LIKE_(FROM_JUL08)_SUBARU_Manufacturer_Image,,A_BRAND_I_LIKE_(FROM_JUL08)_,A_BRAND_I_LIKE_(FROM_JUL08)_,Client Data:Roy Morgan:Manufacturer_Image,0.5,0.258,0.274,0.311,0.3,0.278,0.27,0.248,0.257,0.221,0.23,0.2,0.255,0.239,0.25,0.242,0.271,0.223,0.179,0.154,0.191
Average_Cost_of_Routine_Service_SUBARU_Average_Cost_of_Service,,Average_Cost_of_Routine_Service_,Average_Cost_of_Routine_Service_,Client Data:Roy Morgan:Average_Cost_of_Service,0.5,348,347,342,345,352,391,364,378,423,410,409,411,409,402,416,434,376,373,400,421
%_Satisfied_with_service_SUBARU_Satisfaction_with_Service,,%_Satisfied_with_service_,%_Satisfied_with_service_,Client Data:Roy Morgan:Satisfaction_with_Service,0.5,0.89,0.903,0.899,0.88,0.883,0.871,0.88,0.888,0.928,0.932,0.925,0.94,0.939,0.941,0.926,0.925,0.913,0.912,0.914,0.915
Brand_Awareness_Subaru_National,,Brand_Awareness_,Brand_Awareness_,Client Data:Roy Morgan:National,0.5,0.895,0.88,0.896,0.887,0.898,0.903,0.91,0.897,0.89,0.88,0.876,0.872,0.892,0.909,0.894,0.909,0.9,0.923,0.903,0.922
Brand_Ad_Recall_Subaru_National,,Brand_Ad_Recall_,Brand_Ad_Recall_,Client Data:Roy Morgan:National,0.5,0.442,0.421,0.424,0.383,0.428,0.424,0.472,0.459,0.449,0.433,0.391,0.383,0.392,0.39,0.374,0.312,0.328,0.345,0.402,0.41
Brand_Rejection_Subaru_National,,Brand_Rejection_,Brand_Rejection_,Client Data:Roy Morgan:National,0.5,0.133,0.159,0.193,0.198,0.195,0.191,0.174,0.184,0.183,0.226,0.196,0.219,0.198,0.235,0.242,0.252,0.222,0.209,0.195,0.176
Brand_Consideration_Subaru_National,,Brand_Consideration_,Brand_Consideration_,Client Data:Roy Morgan:National,0.5,0.112,0.096,0.081,0.065,0.062,0.058,0.077,0.091,0.09,0.073,0.082,0.085,0.088,0.074,0.075,0.075,0.062,0.069,0.067,0.068
Brand_Intention_Subaru_National,,Brand_Intention_,Brand_Intention_,Client Data:Roy Morgan:National,0.5,0.065,0.058,0.058,0.042,0.039,0.034,0.044,0.052,0.053,0.045,0.049,0.048,0.047,0.038,0.04,0.044,0.036,0.037,0.032,0.038
Brand_Awareness_Subaru_NSW,,Brand_Awareness_,Brand_Awareness_,Client Data:Roy Morgan:NSW,0.5,0.88,0.85,0.901,0.841,0.875,0.889,0.925,0.882,0.901,0.89,0.916,0.903,0.896,0.894,0.83,0.857,0.861,0.924,0.88,0.888
Brand_Ad_Recall_Subaru_NSW,,Brand_Ad_Recall_,Brand_Ad_Recall_,Client Data:Roy Morgan:NSW,0.5,0.453,0.365,0.391,0.366,0.456,0.465,0.506,0.531,0.507,0.517,0.416,0.412,0.4,0.427,0.433,0.335,0.266,0.242,0.348,0.387
Brand_Rejection_Subaru_NSW,,Brand_Rejection_,Brand_Rejection_,Client Data:Roy Morgan:NSW,0.5,0.147,0.132,0.175,0.172,0.139,0.157,0.147,0.205,0.211,0.25,0.232,0.288,0.238,0.234,0.18,0.169,0.175,0.164,0.192,0.145
Brand_Consideration_Subaru_NSW,,Brand_Consideration_,Brand_Consideration_,Client Data:Roy Morgan:NSW,0.5,0.178,0.156,0.12,0.06,0.064,0.07,0.113,0.105,0.086,0.045,0.077,0.101,0.096,0.089,0.097,0.113,0.09,0.067,0.064,0.071
Brand_Intention_Subaru_NSW,,Brand_Intention_,Brand_Intention_,Client Data:Roy Morgan:NSW,0.5,0.097,0.089,0.093,0.04,0.043,0.042,0.065,0.065,0.064,0.036,0.049,0.053,0.051,0.053,0.067,0.08,0.063,0.044,0.044,0.053
Brand_Awareness_Subaru_Vic,,Brand_Awareness_,Brand_Awareness_,Client Data:Roy Morgan:Vic,0.5,0.903,0.876,0.87,0.821,0.818,0.837,0.863,0.898,0.869,0.898,0.913,0.901,0.91,0.89,0.893,0.896,0.918,0.963,0.969,0.976
Brand_Ad_Recall_Subaru_Vic,,Brand_Ad_Recall_,Brand_Ad_Recall_,Client Data:Roy Morgan:Vic,0.5,0.406,0.376,0.353,0.324,0.28,0.316,0.375,0.408,0.401,0.41,0.411,0.362,0.37,0.331,0.307,0.199,0.243,0.301,0.408,0.413
Brand_Rejection_Subaru_Vic,,Brand_Rejection_,Brand_Rejection_,Client Data:Roy Morgan:Vic,0.5,0.148,0.188,0.189,0.17,0.197,0.21,0.225,0.202,0.184,0.19,0.164,0.123,0.16,0.209,0.31,0.254,0.207,0.185,0.176,0.206
Brand_Consideration_Subaru_Vic,,Brand_Consideration_,Brand_Consideration_,Client Data:Roy Morgan:Vic,0.5,0.056,0.065,0.059,0.051,0.029,0.032,0.042,0.074,0.079,0.073,0.083,0.084,0.099,0.093,0.099,0.075,0.055,0.068,0.067,0.054
Brand_Intention_Subaru_Vic,,Brand_Intention_,Brand_Intention_,Client Data:Roy Morgan:Vic,0.5,0.043,0.046,0.035,0.028,0.011,0.024,0.023,0.044,0.044,0.05,0.057,0.053,0.052,0.036,0.039,0.039,0.033,0.04,0.035,0.031
Brand_Awareness_Subaru_Qld,,Brand_Awareness_,Brand_Awareness_,Client Data:Roy Morgan:Qld,0.5,0.844,0.854,0.834,0.949,0.954,0.969,0.925,0.941,0.903,0.924,0.815,0.85,0.871,0.966,0.987,0.982,0.911,0.916,0.897,0.966
Brand_Ad_Recall_Subaru_Qld,,Brand_Ad_Recall_,Brand_Ad_Recall_,Client Data:Roy Morgan:Qld,0.5,0.344,0.343,0.27,0.341,0.516,0.487,0.441,0.349,0.348,0.404,0.332,0.376,0.341,0.438,0.426,0.49,0.529,0.508,0.395,0.379
Brand_Rejection_Subaru_Qld,,Brand_Rejection_,Brand_Rejection_,Client Data:Roy Morgan:Qld,0.5,0.134,0.197,0.257,0.251,0.244,0.227,0.228,0.214,0.216,0.239,0.172,0.17,0.168,0.186,0.225,0.292,0.297,0.285,0.28,0.207
Brand_Consideration_Subaru_Qld,,Brand_Consideration_,Brand_Consideration_,Client Data:Roy Morgan:Qld,0.5,0.103,0.057,0.042,0.061,0.071,0.048,0.06,0.11,0.127,0.115,0.062,0.053,0.04,0.042,0.029,0.035,0.046,0.066,0.056,0.052
Brand_Intention_Subaru_Qld,,Brand_Intention_,Brand_Intention_,Client Data:Roy Morgan:Qld,0.5,0.071,0.05,0.041,0.043,0.05,0.03,0.041,0.056,0.055,0.043,0.016,0.026,0.029,0.034,0.015,0.018,0.013,0.035,0.028,0.043
Brand_Awareness_Subaru_SA,,Brand_Awareness_,Brand_Awareness_,Client Data:Roy Morgan:SA,0.5,0.958,0.976,0.976,0.98,0.949,0.826,0.751,0.752,0.812,0.759,0.789,0.755,0.907,0.925,1.007,1.009,1.009,0.839,0.846,0.843
Brand_Ad_Recall_Subaru_SA,,Brand_Ad_Recall_,Brand_Ad_Recall_,Client Data:Roy Morgan:SA,0.5,0.632,0.801,0.799,0.703,0.616,0.475,0.527,0.484,0.415,0.343,0.263,0.335,0.491,0.427,0.343,0.21,0.18,0.316,0.473,0.501
Brand_Rejection_Subaru_SA,,Brand_Rejection_,Brand_Rejection_,Client Data:Roy Morgan:SA,0.5,0.182,0.105,0.107,0.09,0.164,0.258,0.124,0.114,0.05,0.169,0.189,0.207,0.081,0.206,0.296,0.375,0.352,0.374,0.274,0.244
Brand_Consideration_Subaru_SA,,Brand_Consideration_,Brand_Consideration_,Client Data:Roy Morgan:SA,0.5,0.119,0.058,0.033,0.045,0.092,0.083,0.06,0.035,0.078,0.092,0.102,0.069,0.075,0.095,0.068,0.046,0.014,0.104,0.138,0.156
Brand_Intention_Subaru_SA,,Brand_Intention_,Brand_Intention_,Client Data:Roy Morgan:SA,0.5,0.07,0.016,0.004,0.009,0.035,0.043,0.053,0.035,0.078,0.092,0.094,0.061,0.034,0.028,0.013,0,0,0.01,0.008,0.008
Brand_Awareness_Subaru_WA,,Brand_Awareness_,Brand_Awareness_,Client Data:Roy Morgan:WA,0.5,0.96,0.964,0.973,1.003,1.003,0.989,0.993,0.928,0.925,0.858,0.882,0.883,0.853,0.913,0.876,0.904,0.855,0.839,0.833,0.84
Brand_Ad_Recall_Subaru_WA,,Brand_Ad_Recall_,Brand_Ad_Recall_,Client Data:Roy Morgan:WA,0.5,0.599,0.522,0.533,0.342,0.38,0.373,0.606,0.563,0.593,0.392,0.423,0.411,0.453,0.373,0.308,0.245,0.467,0.471,0.477,0.443
Brand_Rejection_Subaru_WA,,Brand_Rejection_,Brand_Rejection_,Client Data:Roy Morgan:WA,0.5,0.038,0.147,0.25,0.389,0.349,0.198,0.067,0.081,0.136,0.256,0.196,0.338,0.289,0.377,0.257,0.35,0.209,0.191,0.05,0.071
Brand_Consideration_Subaru_WA,,Brand_Consideration_,Brand_Consideration_,Client Data:Roy Morgan:WA,0.5,0.037,0.104,0.113,0.11,0.072,0.071,0.063,0.068,0.066,0.056,0.114,0.111,0.112,0.033,0.038,0.057,0.059,0.049,0.026,0.044
Brand_Intention_Subaru_WA,,Brand_Intention_,Brand_Intention_,Client Data:Roy Morgan:WA,0.5,0,0.051,0.066,0.075,0.052,0.039,0.026,0.031,0.021,0.028,0.054,0.055,0.06,0.014,0.023,0.03,0.028,0.016,0.004,0.013
Brand_Awareness_Subaru_Tas,,Brand_Awareness_,Brand_Awareness_,Client Data:Roy Morgan:Tas,0.5,1,0.901,0.879,0.913,0.988,0.988,0.947,0.861,0.879,0.576,0.612,0.522,0.924,0.984,0.988,1.007,0.989,0.986,0.929,0.886
Brand_Ad_Recall_Subaru_Tas,,Brand_Ad_Recall_,Brand_Ad_Recall_,Client Data:Roy Morgan:Tas,0.5,0.752,0.815,0.799,0.492,0.633,0.652,0.624,0.471,0.546,0.375,0.498,0.266,0.383,0.231,0.492,0.858,0.698,0.652,0.53,0.499
Brand_Rejection_Subaru_Tas,,Brand_Rejection_,Brand_Rejection_,Client Data:Roy Morgan:Tas,0.5,0,0,0,0,0,0,0,0,0,0.373,0.405,0.501,0.1,0,0,0,0,0,0,0.166
Brand_Consideration_Subaru_Tas,,Brand_Consideration_,Brand_Consideration_,Client Data:Roy Morgan:Tas,0.5,0.217,0.223,0.053,0.057,0.112,0.236,0.27,0.25,0.149,0.093,0.079,0.043,0.026,0.053,0.047,0.118,0.082,0.125,0.151,0.174
Brand_Intention_Subaru_Tas,,Brand_Intention_,Brand_Intention_,Client Data:Roy Morgan:Tas,0.5,0.092,0.122,0.053,0.044,0.034,0.053,0.106,0.139,0.138,0.093,0.056,0.016,0,0.053,0.047,0.06,0.042,0.088,0.093,0.071
MODEL_AWARENESS_Subaru_Impreza_SMALL_$40K,,MODEL_AWARENESS_,MODEL_AWARENESS_,Client Data:Roy Morgan:Impreza_SMALL_$40K,0.5,0.751,0.763,0.692,0.709,0.649,0.69,0.657,0.63,0.627,0.606,0.629,0.668,0.677,0.689,0.664,0.705,0.713,0.605,0.581,0.582
MODEL_AD_RECALL_Subaru_Impreza_SMALL_$40K,,MODEL_AD_RECALL_,MODEL_AD_RECALL_,Client Data:Roy Morgan:Impreza_SMALL_$40K,0.5,0.155,0.141,0.169,0.136,0.11,0.096,0.121,0.121,0.142,0.09,0.124,0.173,0.192,0.165,0.113,0.12,0.124,0.106,0.133,0.126
MAKE_REJECTION_Subaru_SMALL_$40K,,MAKE_REJECTION_,MAKE_REJECTION_,Client Data:Roy Morgan:SMALL_$40K,0.5,0.085,0.11,0.167,0.202,0.242,0.209,0.182,0.157,0.197,0.215,0.206,0.184,0.18,0.203,0.2,0.225,0.255,0.252,0.231,0.171
MODEL_CONSIDERATION_Subaru_Impreza_SMALL_$40K,,MODEL_CONSIDERATION_,MODEL_CONSIDERATION_,Client Data:Roy Morgan:Impreza_SMALL_$40K,0.5,0.019,0.021,0.021,0.013,0.017,0.028,0.06,0.059,0.081,0.048,0.049,0.039,0.046,0.054,0.046,0.041,0.034,0.026,0.022,0.016
MODEL_INTENTION_Subaru_Impreza_SMALL_$40K,,MODEL_INTENTION_,MODEL_INTENTION_,Client Data:Roy Morgan:Impreza_SMALL_$40K,0.5,0.01,0.015,0.015,0.009,0.008,0.016,0.032,0.037,0.048,0.034,0.031,0.018,0.017,0.02,0.023,0.025,0.022,0.022,0.016,0.012
MAKE_VEHICLES_THAT_ARE_WORTH_PAYING_A_BIT_MORE_FOR_SUBARU_Brand_Essence_Equity,,MAKE_VEHICLES_THAT_ARE_WORTH_PAYING_A_BIT_MORE_FOR_,MAKE_VEHICLES_THAT_ARE_WORTH_PAYING_A_BIT_MORE_FOR_,Client Data:Roy Morgan:Brand_Essence_Equity,0.5,0.166,0.162,0.165,0.161,0.161,0.166,0.167,0.163,0.155,0.149,0.148,0.143,0.127,0.128,0.126,0.118,0.115,0.106,0.1,0.101
MAKE_VEHICLES_THAT_YOU_WOULD_BE_PROUD_TO_OWN_SUBARU_Brand_Essence_Equity,,MAKE_VEHICLES_THAT_YOU_WOULD_BE_PROUD_TO_OWN_,MAKE_VEHICLES_THAT_YOU_WOULD_BE_PROUD_TO_OWN_,Client Data:Roy Morgan:Brand_Essence_Equity,0.5,0.294,0.284,0.283,0.283,0.288,0.296,0.295,0.29,0.279,0.257,0.255,0.251,0.245,0.249,0.242,0.228,0.217,0.209,0.202,0.21
Brand_Essence_(PROVIDES_DRIVER_CONFIDENCE)_SUBARU_Brand_Essence_Equity,,Brand_Essence_(PROVIDES_DRIVER_CONFIDENCE)_,Brand_Essence_(PROVIDES_DRIVER_CONFIDENCE)_,Client Data:Roy Morgan:Brand_Essence_Equity,0.5,0.208,0.206,0.214,0.201,0.198,0.192,0.194,0.199,0.188,0.181,0.176,0.174,0.171,0.162,0.152,0.15,0.151,0.145,0.142,0.142
Brand_Equity_(Average_of_MAKE_VEHICLES_THAT_YOU_WOULD_BE_PROUD_TO_OWN_&_MAKE_VEHICLES_THAT_ARE_WORTH_PAYING_A_BIT_MORE_FOR)_SUBARU_Brand_Essence_Equity,,Brand_Equity_(Average_of_MAKE_VEHICLES_THAT_YOU_WOULD_BE_PROUD_TO_OWN_&_MAKE_VEHICLES_THAT_ARE_WORTH_PAYING_A_BIT_MORE_FOR)_,Brand_Equity_(Average_of_MAKE_VEHICLES_THAT_YOU_WOULD_BE_PROUD_TO_OWN_&_MAKE_VEHICLES_THAT_ARE_WORTH_PAYING_A_BIT_MORE_FOR)_,Client Data:Roy Morgan:Brand_Essence_Equity,0.5,0.46,0.446,0.448,0.444,0.449,0.462,0.462,0.453,0.434,0.406,0.403,0.394,0.372,0.377,0.368,0.346,0.332,0.315,0.302,0.311
Subaru_Brand_Image_Grand_Scores,,Brand_Image_Grand_Scores,Brand_Image_Grand_Scores,Client Data:Roy Morgan:Brand_Image_Grand_Scores,0.5,0.287525,0.286475,0.287825,0.283175,0.286475,0.287175,0.28935,0.285425,0.27795,0.266475,0.269475,0.266475,0.258125,0.255375,0.2522,0.24285,0.23795,0.232,0.224275,0.23035
%_intending_same_make_subaru_Loyality,,%_intending_same_make,%_intending_same_make,Client Data:Roy Morgan:Loyality,0.5,0.528,0.515,0.531,0.557,0.569,0.577,0.595,0.578,0.582,0.589,0.562,0.582,0.499,0.499,0.509,0.491,0.476,0.469,0.442,0.455
Subaru_z%_Satisfaction,,z%_satisfaction,z%_satisfaction,Client Data:Roy Morgan:Satisfaction,0.5,0.941,0.941,0.945,0.947,0.948,0.945,0.946,0.947,0.949,0.947,0.948,0.949,0.955,0.955,0.95,0.951,0.948,0.948,0.95,0.948
MODEL_AWARENESS_Subaru_Outback_SUV_LARGE_$70K,,MODEL_AWARENESS_,MODEL_AWARENESS_,Client Data:Roy Morgan:Outback_SUV_LARGE_$70K,0.5,0.766,0.832,0.849,0.851,0.789,0.75,0.728,0.781,0.756,0.746,0.675,0.652,0.704,0.7,0.731,0.622,0.612,0.654,0.753,0.764
MODEL_AD_RECALL_Subaru_Outback_SUV_LARGE_$70K,,MODEL_AD_RECALL_,MODEL_AD_RECALL_,Client Data:Roy Morgan:Outback_SUV_LARGE_$70K,0.5,0.373,0.285,0.209,0.107,0.088,0.063,0.08,0.124,0.099,0.085,0.086,0.16,0.163,0.096,0.057,0.017,0.071,0.032,0.092,0.093
MAKE_REJECTION_Subaru_SUV_LARGE_$70K,,MAKE_REJECTION_,MAKE_REJECTION_,Client Data:Roy Morgan:SUV_LARGE_$70K,0.5,0.151,0.156,0.111,0.133,0.134,0.23,0.223,0.172,0.185,0.181,0.282,0.171,0.176,0.197,0.213,0.281,0.215,0.151,0.266,0.263
MODEL_CONSIDERATION_Subaru_Outback_SUV_LARGE_$70K,,MODEL_CONSIDERATION_,MODEL_CONSIDERATION_,Client Data:Roy Morgan:Outback_SUV_LARGE_$70K,0.5,0.087,0.104,0.115,0.14,0.105,0.084,0.071,0.099,0.093,0.076,0.045,0.093,0.1,0.118,0.068,0.071,0.082,0.079,0.076,0.051
MODEL_INTENTION_Subaru_Outback_SUV_LARGE_$70K,,MODEL_INTENTION_,MODEL_INTENTION_,Client Data:Roy Morgan:Outback_SUV_LARGE_$70K,0.5,0.05,0.077,0.09,0.113,0.074,0.052,0.038,0.065,0.067,0.057,0.032,0.069,0.087,0.097,0.058,0.04,0.05,0.049,0.058,0.041
MODEL_AWARENESS_Subaru_Forester_SUV_MEDIUM_$60k,,MODEL_AD_RECALL,MODEL_AD_RECALL,Client Data:Roy Morgan:Forester_SUV_MEDIUM_$60k,0.5,0.301,0.267,0.362,0.325,0.326,0.241,0.208,0.138,0.188,0.161,0.228,0.091,0.146,0.128,0.25,0.212,0.307,0.219,0.275,0.283
MODEL_AD_RECALL_Subaru_Forester_SUV_MEDIUM_$60k,,MAKE_REJECTION,MAKE_REJECTION,Client Data:Roy Morgan:SUV_MEDIUM_$60k,0.5,0.064,0.114,0.043,0.104,0.102,0.233,0.221,0.21,0.169,0.16,0.116,0.055,0.027,0.123,0.171,0.158,0.12,0.095,0.098,0.07
MAKE_REJECTION_Subaru_SUV_MEDIUM_$60k,,MODEL_CONSIDERATION,MODEL_CONSIDERATION,Client Data:Roy Morgan:Forester_SUV_MEDIUM_$60k,0.5,0.202,0.176,0.193,0.222,0.191,0.163,0.146,0.188,0.192,0.182,0.163,0.143,0.113,0.131,0.12,0.126,0.153,0.205,0.261,0.231
MODEL_CONSIDERATION_Subaru_Forester_SUV_MEDIUM_$60k,,MODEL_INTENTION,MODEL_INTENTION,Client Data:Roy Morgan:Forester_SUV_MEDIUM_$60k,0.5,0.123,0.111,0.114,0.152,0.148,0.148,0.094,0.091,0.091,0.09,0.113,0.097,0.069,0.057,0.048,0.076,0.115,0.162,0.172,0.159
MODEL_INTENTION_Subaru_Forester_SUV_MEDIUM_$60k,,MAKE_VEHICLES_THAT_ARE_WORTH_PAYING_A_BIT_MORE_FOR,MAKE_VEHICLES_THAT_ARE_WORTH_PAYING_A_BIT_MORE_FOR,Client Data:Roy Morgan:Brand_Essence_Equity,0.5,0.161,0.166,0.167,0.163,0.155,0.149,0.148,0.143,0.127,0.128,0.126,0.118,0.115,0.106,0.1,0.101,0.103,0.115,0.118,0.12
